subtopic,usage_count,total_usage,cumulative_usage,cumulative_percentage
great-location,156630,4183374,156630,3.74
friendly-staff,125476,4183374,282106,6.74
poor-condition,122181,4183374,404287,9.66
delicious-breakfast,113931,4183374,518218,12.39
helpful-personnel,86032,4183374,604250,14.44
helpful-service,81956,4183374,686206,16.40
positive-comment,72452,4183374,758658,18.14
disappointing-stay,69580,4183374,828238,19.80
helpful-staff,67356,4183374,895594,21.41
clean-sheet,60417,4183374,956011,22.85
delicious-food,59066,4183374,1015077,24.26
great-facility,57684,4183374,1072761,25.64
friendly-manager,55511,4183374,1128272,26.97
comfortable-accommodation,50490,4183374,1178762,28.18
great-experience,49683,4183374,1228445,29.36
friendly-reception,47217,4183374,1275662,30.49
great-accommodation,46600,4183374,1322262,31.61
great-standard,46213,4183374,1368475,32.71
poor-cleanliness,45768,4183374,1414243,33.81
comfortable-bed,44829,4183374,1459072,34.88
friendly-server,42993,4183374,1502065,35.91
poor-maintenance,40153,4183374,1542218,36.87
delicious-restaurant,40058,4183374,1582276,37.82
positive-review,36474,4183374,1618750,38.69
expensive-price,33354,4183374,1652104,39.49
helpful-concierge,33069,4183374,1685173,40.28
noisy-hotel,33031,4183374,1718204,41.07
happy-guest,32539,4183374,1750743,41.85
poor-housekeeping,31488,4183374,1782231,42.60
poor-amenity,30645,4183374,1812876,43.34
limited-menu,29671,4183374,1842547,44.04
bad-meal,27205,4183374,1869752,44.69
helpful-desk,26883,4183374,1896635,45.34
clean-hotel,26153,4183374,1922788,45.96
helpful-reception,26053,4183374,1948841,46.59
limited-breakfast,26037,4183374,1974878,47.21
dirty-bathroom,25111,4183374,1999989,47.81
friendly-service,24880,4183374,2024869,48.40
exceptional-service,24368,4183374,2049237,48.99
poor-breakfast,23617,4183374,2072854,49.55
great-value,23587,4183374,2096441,50.11
convenient-location,22801,4183374,2119242,50.66
great-view,21611,4183374,2140853,51.18
great-pool,21478,4183374,2162331,51.69
poor-attention,21030,4183374,2183361,52.19
difficult-distance,20772,4183374,2204133,52.69
disappointing-experience,20585,4183374,2224718,53.18
memorable-stay,20010,4183374,2244728,53.66
slow-waiter,19032,4183374,2263760,54.11
disappointing-surprise,18757,4183374,2282517,54.56
poor-communication,18038,4183374,2300555,54.99
poor-accommodation,17820,4183374,2318375,55.42
unhelpful-staff,16890,4183374,2335265,55.82
great-property,16724,4183374,2351989,56.22
unfair-rate,16722,4183374,2368711,56.62
friendly-personnel,16608,4183374,2385319,57.02
great-restaurant,16552,4183374,2401871,57.41
beautiful-view,15827,4183374,2417698,57.79
slow-service,15816,4183374,2433514,58.17
great-atmosphere,15681,4183374,2449195,58.55
poor-value,15537,4183374,2464732,58.92
dirty-shower,15312,4183374,2480044,59.28
exceptional-staff,15033,4183374,2495077,59.64
attentive-server,14557,4183374,2509634,59.99
dirty-environment,13911,4183374,2523545,60.32
rude-reception,13503,4183374,2537048,60.65
bad-condition,13252,4183374,2550300,60.96
weak-wifi,13211,4183374,2563511,61.28
great-hospitality,13126,4183374,2576637,61.59
convenient-distance,13027,4183374,2589664,61.90
friendly-employee,12951,4183374,2602615,62.21
great-cleanliness,12616,4183374,2615231,62.51
amazing-experience,12605,4183374,2627836,62.82
uncomfortable-bed,12319,4183374,2640155,63.11
breakfast-standard,12275,4183374,2652430,63.40
slow-reception,12095,4183374,2664525,63.69
bad-breakfast,11832,4183374,2676357,63.98
ongoing-renovation,11821,4183374,2688178,64.26
free-breakfast,11736,4183374,2699914,64.54
bad-food,11712,4183374,2711626,64.82
beautiful-property,11696,4183374,2723322,65.10
great-attention,11427,4183374,2734749,65.37
beautiful-setting,11391,4183374,2746140,65.64
clean-accommodation,11276,4183374,2757416,65.91
poor-menu,11249,4183374,2768665,66.18
great-recommendation,11070,4183374,2779735,66.45
attentive-waiter,11058,4183374,2790793,66.71
delicious-buffet,10957,4183374,2801750,66.97
bad-smell,10951,4183374,2812701,67.24
unhelpful-service,10916,4183374,2823617,67.50
comfortable-stay,10746,4183374,2834363,67.75
helpful-employee,10691,4183374,2845054,68.01
helpful-suggestion,10641,4183374,2855695,68.26
clean-bedroom,10621,4183374,2866316,68.52
poor-management,10415,4183374,2876731,68.77
poor-hospitality,10326,4183374,2887057,69.01
air-unconditioned,10306,4183374,2897363,69.26
small-bedroom,10200,4183374,2907563,69.50
limited-restaurant,10058,4183374,2917621,69.74
room-unprepared,9995,4183374,2927616,69.98
poor-light,9926,4183374,2937542,70.22
beautiful-location,9848,4183374,2947390,70.45
slow-elevator,9808,4183374,2957198,70.69
poor-cuisine,9674,4183374,2966872,70.92
unmet-expectation,9570,4183374,2976442,71.15
great-stay,9404,4183374,2985846,71.37
great-team,9333,4183374,2995179,71.60
rude-customer,9232,4183374,3004411,71.82
poor-feature,9223,4183374,3013634,72.04
poor-facility,9191,4183374,3022825,72.26
beautiful-resort,9185,4183374,3032010,72.48
great-activity,9165,4183374,3041175,72.70
dirty-pool,9132,4183374,3050307,72.91
clean-environment,8762,4183374,3059069,73.12
beautiful-beach,8672,4183374,3067741,73.33
noisy-unit,8633,4183374,3076374,73.54
great-meal,8468,4183374,3084842,73.74
musty-smell,8287,4183374,3093129,73.94
dirty-towel,8270,4183374,3101399,74.14
cold-shower,8149,4183374,3109548,74.33
small-bathroom,7921,4183374,3117469,74.52
noisy-location,7742,4183374,3125211,74.71
rude-staff,7696,4183374,3132907,74.89
old-hotel,7676,4183374,3140583,75.07
bad-attitude,7572,4183374,3148155,75.25
great-shower,7524,4183374,3155679,75.43
disorganized-fiesta,7413,4183374,3163092,75.61
delicious-meal,7349,4183374,3170441,75.79
great-resort,7147,4183374,3177588,75.96
hard-bed,7136,4183374,3184724,76.13
negative-comment,7135,4183374,3191859,76.30
expensive-parking,7117,4183374,3198976,76.47
friendly-restaurant,7115,4183374,3206091,76.64
quiet-location,7102,4183374,3213193,76.81
friendly-waiter,7076,4183374,3220269,76.98
affordable-price,7065,4183374,3227334,77.15
poor-experience,7002,4183374,3234336,77.31
helpful-comment,6899,4183374,3241235,77.48
great-entertainment,6863,4183374,3248098,77.64
unavailable-perk,6860,4183374,3254958,77.81
noisy-environment,6837,4183374,3261795,77.97
dirty-sheet,6836,4183374,3268631,78.13
slow-check,6834,4183374,3275465,78.30
limited-parking,6744,4183374,3282209,78.46
poor-cleaning,6574,4183374,3288783,78.62
clean-hostel,6562,4183374,3295345,78.77
bad-restaurant,6496,4183374,3301841,78.93
old-tv,6470,4183374,3308311,79.08
beautiful-pool,6421,4183374,3314732,79.24
poor-lighting,6366,4183374,3321098,79.39
unhelpful-personnel,6209,4183374,3327307,79.54
bad-staff,6183,4183374,3333490,79.68
great-price,6168,4183374,3339658,79.83
excellent-care,6082,4183374,3345740,79.98
memorable-birthday,6065,4183374,3351805,80.12
small-portion,6055,4183374,3357860,80.27
heated-pool,6030,4183374,3363890,80.41
great-guide,6002,4183374,3369892,80.55
dirty-bedroom,5966,4183374,3375858,80.70
great-bartender,5921,4183374,3381779,80.84
helpful-receptionist,5916,4183374,3387695,80.98
great-spa,5681,4183374,3393376,81.12
positive-impression,5680,4183374,3399056,81.25
high-charge,5628,4183374,3404684,81.39
cold-pool,5622,4183374,3410306,81.52
room-equipped,5517,4183374,3415823,81.65
crowded-vallarta,5466,4183374,3421289,81.78
outdated-building,5388,4183374,3426677,81.91
cold-water,5366,4183374,3432043,82.04
poor-renovation,5321,4183374,3437364,82.17
great-show,5216,4183374,3442580,82.29
unpleasant-setting,5195,4183374,3447775,82.42
friendly-receptionist,5045,4183374,3452820,82.54
great-event,4913,4183374,3457733,82.65
friendly-bartender,4858,4183374,3462591,82.77
friendly-bar,4814,4183374,3467405,82.89
great-employee,4684,4183374,3472089,83.00
cold-food,4632,4183374,3476721,83.11
noisy-ac,4625,4183374,3481346,83.22
clean-facility,4611,4183374,3485957,83.33
bad-drink,4495,4183374,3490452,83.44
beautiful-suite,4483,4183374,3494935,83.54
fun-activity,4476,4183374,3499411,83.65
great-amenity,4371,4183374,3503782,83.75
limited-access,4366,4183374,3508148,83.86
bad-internet-availability,4363,4183374,3512511,83.96
great-design,4336,4183374,3516847,84.07
professional-staff,4330,4183374,3521177,84.17
small-accommodation,4329,4183374,3525506,84.27
happy-kid,4323,4183374,3529829,84.38
uncomfortable-furniture,4309,4183374,3534138,84.48
convenient-shuttle,4263,4183374,3538401,84.58
great-care,4246,4183374,3542647,84.68
basic-amenity,4209,4183374,3546856,84.78
rude-service,4182,4183374,3551038,84.88
quick-check,4148,4183374,3555186,84.98
limited-entertainment,4127,4183374,3559313,85.08
bad-coffee,4113,4183374,3563426,85.18
bad-impression,4088,4183374,3567514,85.28
beautiful-ocean,4085,4183374,3571599,85.38
delicious-cuisine,4044,4183374,3575643,85.47
great-coffee,4042,4183374,3579685,85.57
hot-water,4017,4183374,3583702,85.67
hard-pillow,3973,4183374,3587675,85.76
great-gym,3966,4183374,3591641,85.86
bland-food,3962,4183374,3595603,85.95
excellent-value,3932,4183374,3599535,86.04
great-buffet,3851,4183374,3603386,86.14
bad-location,3844,4183374,3607230,86.23
clean-amenity,3793,4183374,3611023,86.32
extra-charge,3719,4183374,3614742,86.41
great-condition,3678,4183374,3618420,86.50
expensive-drink,3674,4183374,3622094,86.58
cold-temperature,3629,4183374,3625723,86.67
free-snack,3579,4183374,3629302,86.76
hot-shower,3544,4183374,3632846,86.84
rude-receptionist,3527,4183374,3636373,86.92
rude-server,3486,4183374,3639859,87.01
expensive-hotel,3467,4183374,3643326,87.09
beautiful-garden,3436,4183374,3646762,87.17
rude-employee,3419,4183374,3650181,87.25
helpful-team,3399,4183374,3653580,87.34
beautiful-building,3388,4183374,3656968,87.42
dirty-floor,3349,4183374,3660317,87.50
great-garden,3313,4183374,3663630,87.58
mediocre-buffet,3306,4183374,3666936,87.65
attentive-butler,3258,4183374,3670194,87.73
memorable-experience,3224,4183374,3673418,87.81
broken-door,3210,4183374,3676628,87.89
great-cleaning,3202,4183374,3679830,87.96
poor-care,3181,4183374,3683011,88.04
uncomfortable-stay,3155,4183374,3686166,88.11
great-drink,3146,4183374,3689312,88.19
poor-design,3116,4183374,3692428,88.26
clean-pool,3072,4183374,3695500,88.34
professional-service,3060,4183374,3698560,88.41
clean-bathroom,2994,4183374,3704548,88.55
comfortable-seating,2994,4183374,3704548,88.55
small-gym,2982,4183374,3707530,88.63
unprofessional-staff,2980,4183374,3710510,88.70
friendly-atmosphere,2935,4183374,3713445,88.77
unhelpful-concierge,2910,4183374,3716355,88.84
checkin-flexible,2869,4183374,3719224,88.90
poor-dinner,2826,4183374,3722050,88.97
dirty-wall,2819,4183374,3724869,89.04
heating-insufficient,2816,4183374,3727685,89.11
good-value,2815,4183374,3730500,89.17
late-check,2812,4183374,3733312,89.24
helpful-manager,2795,4183374,3736107,89.31
great-massage,2765,4183374,3738872,89.37
great-bar,2755,4183374,3741627,89.44
weak-pressure,2728,4183374,3744355,89.51
beautiful-restaurant,2686,4183374,3747041,89.57
small-fridge,2676,4183374,3749717,89.63
convenient-access,2670,4183374,3752387,89.70
overpriced-food,2669,4183374,3755056,89.76
crowded-pool,2660,4183374,3757716,89.83
old-furniture,2567,4183374,3760283,89.89
dirty-bed,2564,4183374,3762847,89.95
slippery-floor,2543,4183374,3765390,90.01
delayed-maintenance,2538,4183374,3767928,90.07
great-parking,2512,4183374,3770440,90.13
poor-ingredient,2510,4183374,3772950,90.19
crowded-lobby,2502,4183374,3777954,90.31
friendly-family,2502,4183374,3777954,90.31
great-server,2490,4183374,3780444,90.37
bad-wifi-range,2428,4183374,3782872,90.43
helpful-recommendation,2413,4183374,3785285,90.48
dirty-water,2406,4183374,3787691,90.54
crowded-lounge,2390,4183374,3790081,90.60
limited-seating,2381,4183374,3792462,90.66
great-environment,2372,4183374,3794834,90.71
poor-recommendation,2340,4183374,3797174,90.77
luxurious-hotel,2336,4183374,3799510,90.82
delicious-dinner,2335,4183374,3801845,90.88
friendly-guest,2290,4183374,3804135,90.93
boring-show,2285,4183374,3806420,90.99
difficult-access,2281,4183374,3810982,91.10
poor-standard,2281,4183374,3810982,91.10
hard-mattress,2245,4183374,3813227,91.15
rude-waiter,2228,4183374,3815455,91.21
friendly-team,2209,4183374,3817664,91.26
dirty-cleanliness,2197,4183374,3819861,91.31
modern-hotel,2153,4183374,3822014,91.36
poor-decoration,2143,4183374,3824157,91.41
slow-wifi,2135,4183374,3826292,91.46
dirty-carpet,2128,4183374,3828420,91.52
great-impression,2084,4183374,3830504,91.56
great-waiter,2079,4183374,3832583,91.61
local-dish,2078,4183374,3834661,91.66
delicious-drink,2064,4183374,3836725,91.71
free-parking,2057,4183374,3838782,91.76
excellent-condition,2018,4183374,3840800,91.81
clean-resort,2009,4183374,3842809,91.86
personal-attention,1972,4183374,3844781,91.91
beautiful-decor,1967,4183374,3846748,91.95
small-elevator,1946,4183374,3848694,92.00
bland-cuisine,1939,4183374,3850633,92.05
poor-sleep,1937,4183374,3852570,92.09
fresh-breakfast,1930,4183374,3854500,92.14
tv-smart,1928,4183374,3856428,92.18
great-setting,1917,4183374,3858345,92.23
clear-communication,1915,4183374,3860260,92.28
modern-facility,1912,4183374,3862172,92.32
delicious-cocktail,1911,4183374,3864083,92.37
quiet-noise,1885,4183374,3865968,92.41
delicious-dish,1871,4183374,3867839,92.46
old-towel,1867,4183374,3869706,92.50
free-drink,1855,4183374,3871561,92.55
low-value,1842,4183374,3873403,92.59
slow-server,1823,4183374,3875226,92.63
old-facility,1810,4183374,3877036,92.68
high-price,1805,4183374,3878841,92.72
quick-service,1791,4183374,3880632,92.76
extra-fee,1779,4183374,3882411,92.81
security-excellent,1769,4183374,3884180,92.85
beautiful-design,1768,4183374,3887716,92.93
noisy-guest,1768,4183374,3887716,92.93
bad-review,1759,4183374,3889475,92.97
friendly-attitude,1737,4183374,3891212,93.02
cold-egg,1718,4183374,3892930,93.06
great-menu,1708,4183374,3894638,93.10
beautiful-grounds,1705,4183374,3896343,93.14
poor-setting,1697,4183374,3898040,93.18
beautiful-patio,1681,4183374,3899721,93.22
great-management,1660,4183374,3901381,93.26
great-review,1658,4183374,3903039,93.30
great-renovation,1649,4183374,3904688,93.34
slow-bartender,1648,4183374,3906336,93.38
bright-lighting,1641,4183374,3907977,93.42
delicious-menu,1636,4183374,3911249,93.50
slow-receptionist,1636,4183374,3911249,93.50
clean-beach,1614,4183374,3912863,93.53
live-music,1593,4183374,3916049,93.61
loud-noise,1593,4183374,3916049,93.61
small-tv,1572,4183374,3917621,93.65
broken-machine,1567,4183374,3919188,93.68
hot-tub,1564,4183374,3920752,93.72
clean-apartment,1549,4183374,3922301,93.76
loud-music,1527,4183374,3923828,93.80
fun-entertainment,1522,4183374,3925350,93.83
easy-parking,1519,4183374,3926869,93.87
great-rooftop,1510,4183374,3928379,93.90
hot-temperature,1508,4183374,3929887,93.94
security-poor,1499,4183374,3931386,93.98
positive-attitude,1482,4183374,3932868,94.01
breakfast-local,1481,4183374,3934349,94.05
great-wifi,1468,4183374,3935817,94.08
dirty-window,1462,4183374,3938741,94.15
friendly-worker,1462,4183374,3938741,94.15
constant-noise,1447,4183374,3940188,94.19
extra-towel,1445,4183374,3943078,94.26
old-building,1445,4183374,3943078,94.26
cold-hospitality,1442,4183374,3944520,94.29
pet-allowed,1430,4183374,3945950,94.32
rude-personnel,1425,4183374,3947375,94.36
beautiful-vallarta,1405,4183374,3948780,94.39
beautiful-decoration,1399,4183374,3950179,94.43
old-mattress,1398,4183374,3951577,94.46
clean-suite,1390,4183374,3952967,94.49
checkin-strict,1354,4183374,3954321,94.52
healthy-food,1342,4183374,3957005,94.59
rude-team,1342,4183374,3957005,94.59
convenient-transportation,1341,4183374,3958346,94.62
noisy-machine,1335,4183374,3961016,94.68
poor-suggestion,1335,4183374,3961016,94.68
ample-seating,1323,4183374,3962339,94.72
clean-towel,1321,4183374,3964981,94.78
outdated-decor,1321,4183374,3964981,94.78
dirty-apartment,1317,4183374,3966298,94.81
rude-attitude,1315,4183374,3967613,94.84
fun-fiesta,1297,4183374,3968910,94.87
happy-couple,1296,4183374,3970206,94.90
great-tour,1287,4183374,3971493,94.94
weak-ac,1284,4183374,3972777,94.97
small-property,1281,4183374,3974058,95.00
clean-grounds,1279,4183374,3975337,95.03
clean-bed,1277,4183374,3976614,95.06
expensive-restaurant,1274,4183374,3977888,95.09
fun-event,1261,4183374,3979149,95.12
small-lounge,1230,4183374,3980379,95.15
disruptive-party,1227,4183374,3981606,95.18
entertaining-show,1225,4183374,3982831,95.21
great-suggestion,1223,4183374,3984054,95.24
limited-inclusive,1218,4183374,3985272,95.26
faulty-outlet,1212,4183374,3986484,95.29
beautiful-rooftop,1194,4183374,3987678,95.32
free-activity,1170,4183374,3988848,95.35
great-butler,1163,4183374,3990011,95.38
full-board,1160,4183374,3991171,95.41
local-cuisine,1150,4183374,3992321,95.43
partial-refund,1144,4183374,3993465,95.46
overcooked-meat,1131,4183374,3994596,95.49
quiet-beach,1112,4183374,3995708,95.51
great-concierge,1103,4183374,3996811,95.54
comfortable-furniture,1098,4183374,3997909,95.57
wheelchair-accessible,1093,4183374,3999002,95.59
extensive-buffet,1089,4183374,4000091,95.62
great-vibe,1085,4183374,4001176,95.64
great-class,1081,4183374,4002257,95.67
serious-complaint,1077,4183374,4003334,95.70
pleasant-smell,1074,4183374,4004408,95.72
busy-resort,1057,4183374,4005465,95.75
pet-prohibited,1056,4183374,4007577,95.80
rude-bartender,1056,4183374,4007577,95.80
distant-attraction,1043,4183374,4009663,95.85
extra-cost,1043,4183374,4009663,95.85
disturbed-sleep,1040,4183374,4010703,95.87
delicious-snack,1038,4183374,4011741,95.90
thin-blanket,1029,4183374,4012770,95.92
broken-tile,1028,4183374,4015854,96.00
happy-customer,1028,4183374,4015854,96.00
unhelpful-management,1028,4183374,4015854,96.00
good-review,1023,4183374,4016877,96.02
cold-breakfast,1022,4183374,4017899,96.04
comfortable-temperature,1021,4183374,4018920,96.07
uncomfortable-seating,1018,4183374,4019938,96.09
beautiful-terrace,1014,4183374,4020952,96.12
tv-outdated,1009,4183374,4021961,96.14
easy-access,1003,4183374,4022964,96.17
clean-property,1001,4183374,4023965,96.19
great-club,985,4183374,4024950,96.21
delayed-communication,982,4183374,4025932,96.24
great-cocktail,979,4183374,4026911,96.26
stale-air,967,4183374,4027878,96.28
crowded-beach,959,4183374,4028837,96.31
great-shuttle,949,4183374,4029786,96.33
beautiful-lobby,945,4183374,4030731,96.35
great-dinner,938,4183374,4031669,96.37
rude-manager,927,4183374,4032596,96.40
neglected-garden,923,4183374,4033519,96.42
modern-amenity,920,4183374,4034439,96.44
great-attraction,916,4183374,4035355,96.46
great-maintenance,914,4183374,4037183,96.51
unpleasant-atmosphere,914,4183374,4037183,96.51
pleasant-surprise,910,4183374,4038093,96.53
poor-decor,907,4183374,4039000,96.55
dirty-hostel,906,4183374,4039906,96.57
fast-wifi,895,4183374,4040801,96.59
cold-tub,894,4183374,4041695,96.61
weak-coffee,891,4183374,4042586,96.63
dirty-cup,889,4183374,4043475,96.66
beautiful-spa,885,4183374,4044360,96.68
dim-light,872,4183374,4046104,96.72
old-resort,872,4183374,4046104,96.72
dirty-table,868,4183374,4046972,96.74
comfortable-pillow,865,4183374,4047837,96.76
noisy-fridge,855,4183374,4048692,96.78
unhappy-customer,851,4183374,4049543,96.80
staff-monolingual,847,4183374,4050390,96.82
great-decoration,837,4183374,4052064,96.86
rude-guide,837,4183374,4052064,96.86
bad-stay,824,4183374,4053712,96.90
great-music,824,4183374,4053712,96.90
great-inclusive,812,4183374,4054524,96.92
eco-friendly,808,4183374,4055332,96.94
local-food,804,4183374,4056136,96.96
great-party,802,4183374,4057740,97.00
modern-design,802,4183374,4057740,97.00
free-shuttle,794,4183374,4058534,97.02
great-housekeeping,792,4183374,4059326,97.03
scarce-outlet,788,4183374,4060114,97.05
dirty-dish,787,4183374,4060901,97.07
friendly-concierge,786,4183374,4061687,97.09
exclusive-perk,784,4183374,4063255,97.13
expensive-spa,784,4183374,4063255,97.13
small-spa,783,4183374,4064038,97.15
modern-bathroom,775,4183374,4064813,97.17
great-lounge,773,4183374,4065586,97.18
knowledgeable-guide,768,4183374,4066354,97.20
live-entertainment,767,4183374,4067121,97.22
cold-meal,766,4183374,4067887,97.24
thin-pillow,765,4183374,4068652,97.26
available-lounger,759,4183374,4069411,97.28
negative-review,745,4183374,4070156,97.29
clean-shower,744,4183374,4070900,97.31
clean-sand,743,4183374,4071643,97.33
cold-beer,736,4183374,4072379,97.35
hot-spring,735,4183374,4073114,97.36
great-sleep,734,4183374,4073848,97.38
wheelchair-absent,723,4183374,4074571,97.40
friendly-smile,722,4183374,4075293,97.42
expensive-activity,720,4183374,4076013,97.43
dinner-tasteless,716,4183374,4076729,97.45
dirty-plate,714,4183374,4077443,97.47
small-snack,712,4183374,4078155,97.48
poor-help,706,4183374,4078861,97.50
great-beer,702,4183374,4079563,97.52
slow-transportation,701,4183374,4080264,97.54
accesible-wifi,697,4183374,4080961,97.55
friendly-desk,695,4183374,4081656,97.57
bright-light,693,4183374,4082349,97.59
large-portion,689,4183374,4083038,97.60
beautiful-balcony,681,4183374,4083719,97.62
rude-concierge,676,4183374,4084395,97.63
efficient-housekeeping,675,4183374,4085070,97.65
disorganized-event,671,4183374,4085741,97.67
great-expectation,665,4183374,4086406,97.68
great-feature,664,4183374,4087070,97.70
pleasant-music,659,4183374,4087729,97.71
complete-renovation,655,4183374,4088384,97.73
bland-taste,648,4183374,4089032,97.74
fun-show,643,4183374,4089675,97.76
great-ac,642,4183374,4090959,97.79
unresponsive-manager,642,4183374,4090959,97.79
boring-entertainment,641,4183374,4091600,97.81
fun-game,639,4183374,4092239,97.82
informative-tour,638,4183374,4092877,97.84
basic-gym,636,4183374,4093513,97.85
dirty-tile,634,4183374,4094147,97.87
rude-worker,622,4183374,4094769,97.88
charger-absent,620,4183374,4095389,97.90
major-complaint,616,4183374,4096005,97.91
infrequent-housekeeping,614,4183374,4096619,97.93
boring-activity,610,4183374,4097229,97.94
convenient-entrance,608,4183374,4097837,97.96
great-game,607,4183374,4098444,97.97
hot-coffee,598,4183374,4099042,97.98
small-bar,597,4183374,4099639,98.00
great-lighting,596,4183374,4100831,98.03
little-attention,596,4183374,4100831,98.03
clean-water,587,4183374,4101418,98.04
fresh-food,583,4183374,4102001,98.05
cramped-layout,579,4183374,4102580,98.07
useless-suggestion,576,4183374,4103156,98.08
clean-gym,575,4183374,4104306,98.11
unpleasant-surprise,575,4183374,4104306,98.11
friendly-kid,570,4183374,4104876,98.12
loyal-customer,566,4183374,4105442,98.14
dirty-glass,564,4183374,4106570,98.16
friendly-host,564,4183374,4106570,98.16
available-outlet,556,4183374,4107126,98.18
small-gesture,555,4183374,4107681,98.19
great-perk,551,4183374,4108783,98.22
poor-impression,551,4183374,4108783,98.22
great-pressure,545,4183374,4109328,98.23
dirty-terrace,544,4183374,4110960,98.27
disruptive-child,544,4183374,4110960,98.27
extra-pillow,544,4183374,4110960,98.27
bad-key,543,4183374,4112046,98.29
genuine-care,543,4183374,4112046,98.29
great-fiesta,540,4183374,4112586,98.31
unwelcoming-host,535,4183374,4113121,98.32
great-surprise,534,4183374,4113655,98.33
confusing-layout,533,4183374,4114188,98.35
dirty-sand,529,4183374,4114717,98.36
minor-complaint,528,4183374,4115245,98.37
small-suite,527,4183374,4115772,98.38
delicious-lunch,518,4183374,4116290,98.40
small-window,513,4183374,4116803,98.41
small-table,512,4183374,4117315,98.42
major-disappointment,511,4183374,4117826,98.43
flat-beer,507,4183374,4118333,98.45
great-lunch,503,4183374,4118836,98.46
comfortable-mattress,500,4183374,4119336,98.47
cold-bottle,498,4183374,4119834,98.48
dirty-balcony,496,4183374,4120330,98.49
available-chair,495,4183374,4120825,98.50
generous-portion,494,4183374,4121319,98.52
broken-glass,493,4183374,4121812,98.53
open-bar,488,4183374,4122300,98.54
overcrowded-attraction,487,4183374,4122787,98.55
perfect-temperature,478,4183374,4123265,98.56
fresh-coffee,477,4183374,4123742,98.57
expensive-cocktail,476,4183374,4124218,98.59
great-host,471,4183374,4124689,98.60
good-wifi-range,469,4183374,4125158,98.61
terrible-music,468,4183374,4125626,98.62
annoying-bug,465,4183374,4126091,98.63
expensive-inclusive,461,4183374,4126552,98.64
fresh-fruit,455,4183374,4127007,98.65
weak-cocktail,453,4183374,4127460,98.66
outdated-decoration,451,4183374,4127911,98.67
scarce-fruit,450,4183374,4128361,98.68
inclusive-package,445,4183374,4128806,98.70
delicious-fruit,442,4183374,4129248,98.71
great-gesture,439,4183374,4129687,98.72
major-concern,436,4183374,4130123,98.73
comfortable-lounge,433,4183374,4130989,98.75
denied-request,433,4183374,4130989,98.75
expensive-resort,430,4183374,4131849,98.77
great-transportation,430,4183374,4131849,98.77
outdated-design,428,4183374,4132277,98.78
cold-dish,427,4183374,4132704,98.79
great-vallarta,423,4183374,4133127,98.80
unreliable-shuttle,421,4183374,4133548,98.81
great-layout,418,4183374,4133966,98.82
delicious-meat,417,4183374,4134383,98.83
poor-wine,414,4183374,4134797,98.84
small-balcony,408,4183374,4135613,98.86
small-bottle,408,4183374,4135613,98.86
beautiful-style,406,4183374,4136425,98.88
small-buffet,406,4183374,4136425,98.88
tour-available,404,4183374,4136829,98.89
hot-breakfast,402,4183374,4137231,98.90
noisy-traveller,387,4183374,4137618,98.91
great-wine,383,4183374,4138001,98.92
local-attraction,380,4183374,4138761,98.93
modern-furniture,380,4183374,4138761,98.93
stale-snack,377,4183374,4139138,98.94
beautiful-sunset,376,4183374,4139890,98.96
heating-sufficient,376,4183374,4139890,98.96
diluted-juice,371,4183374,4140261,98.97
expensive-vallarta,369,4183374,4140630,98.98
professional-massage,362,4183374,4140992,98.99
expensive-transportation,361,4183374,4141353,99.00
free-access,359,4183374,4142071,99.01
thin-wall,359,4183374,4142071,99.01
great-rate,358,4183374,4142787,99.03
positive-vibe,358,4183374,4142787,99.03
delicious-juice,357,4183374,4143144,99.04
panoramic-view,356,4183374,4143500,99.05
convenient-store,354,4183374,4143854,99.06
rude-vendor,353,4183374,4144207,99.06
bad-taste,352,4183374,4144911,99.08
happy-traveller,352,4183374,4144911,99.08
great-communication,351,4183374,4145613,99.10
old-unit,351,4183374,4145613,99.10
expensive-dinner,348,4183374,4145961,99.11
great-balcony,345,4183374,4146306,99.11
tough-meat,344,4183374,4146650,99.12
free-bottle,342,4183374,4146992,99.13
delayed-refund,341,4183374,4147333,99.14
unavailable-help,337,4183374,4147670,99.15
dim-lighting,331,4183374,4148001,99.15
minor-disappointment,329,4183374,4148330,99.16
fun-club,328,4183374,4148658,99.17
eco-unfriendly,327,4183374,4148985,99.18
easy-check,325,4183374,4149310,99.19
absent-host,318,4183374,4149628,99.19
broken-lounger,317,4183374,4150262,99.21
limited-package,317,4183374,4150262,99.21
great-tv,316,4183374,4150578,99.22
hot-food,308,4183374,4151502,99.24
large-bug,308,4183374,4151502,99.24
late-lunch,308,4183374,4151502,99.24
happy-child,307,4183374,4151809,99.25
small-terrace,305,4183374,4152114,99.25
tour-absent,303,4183374,4152417,99.26
fair-charge,300,4183374,4152717,99.27
limited-board,296,4183374,4153013,99.27
overcooked-egg,295,4183374,4153603,99.29
subtopic_root,295,4183374,4153603,99.29
old-carpet,294,4183374,4154191,99.30
small-apartment,294,4183374,4154191,99.30
knowledgeable-staff,292,4183374,4154483,99.31
open-door,283,4183374,4154766,99.32
small-lobby,281,4183374,4155047,99.32
low-pressure,277,4183374,4155324,99.33
broken-chair,275,4183374,4155599,99.34
practical-layout,271,4183374,4156141,99.35
small-plate,271,4183374,4156141,99.35
high-expectation,261,4183374,4156402,99.36
clear-notice,254,4183374,4156656,99.36
loud-fiesta,253,4183374,4156909,99.37
fun-party,250,4183374,4157409,99.38
remote-location,250,4183374,4157409,99.38
high-rate,249,4183374,4157658,99.39
convenient-outlet,248,4183374,4158154,99.40
old-blanket,248,4183374,4158154,99.40
expensive-massage,245,4183374,4158399,99.40
modern-building,244,4183374,4158643,99.41
cool-fridge,242,4183374,4159127,99.42
great-transfer,242,4183374,4159127,99.42
efficient-ac,241,4183374,4159368,99.43
dirty-patio,238,4183374,4159606,99.43
high-standard,235,4183374,4159841,99.44
rude-guest,234,4183374,4160075,99.44
fresh-air,230,4183374,4160765,99.46
outdated-style,230,4183374,4160765,99.46
partial-view,230,4183374,4160765,99.46
friendly-traveller,229,4183374,4161223,99.47
large-tv,229,4183374,4161223,99.47
modern-decor,226,4183374,4161449,99.48
convenient-shop,225,4183374,4161674,99.48
fast-elevator,224,4183374,4161898,99.49
high-cost,223,4183374,4162121,99.49
staff-multilingual,216,4183374,4162337,99.50
noisy-family,213,4183374,4162550,99.50
uninformative-guide,209,4183374,4162759,99.51
crowded-rooftop,207,4183374,4162966,99.51
comprehensive-inclusive,206,4183374,4163790,99.53
good-pressure,206,4183374,4163790,99.53
great-taste,206,4183374,4163790,99.53
lush-garden,206,4183374,4163790,99.53
delicious-taste,205,4183374,4164200,99.54
hot-air,205,4183374,4164200,99.54
fresh-juice,203,4183374,4164403,99.55
free-wifi,201,4183374,4164604,99.55
meager-portion,199,4183374,4164803,99.56
beautiful-courtyard,198,4183374,4165001,99.56
neglected-grounds,193,4183374,4165194,99.57
natural-light,190,4183374,4165384,99.57
small-cup,188,4183374,4165760,99.58
warm-beer,188,4183374,4165760,99.58
noisy-child,187,4183374,4166134,99.59
rude-comment,187,4183374,4166134,99.59
hardworking-worker,186,4183374,4166506,99.60
hidden-entrance,186,4183374,4166506,99.60
modern-style,185,4183374,4166691,99.60
great-package,184,4183374,4167243,99.61
hot-meal,184,4183374,4167243,99.61
play-available,184,4183374,4167243,99.61
local-shop,181,4183374,4167605,99.62
small-hostel,181,4183374,4167605,99.62
dirty-grounds,180,4183374,4167785,99.63
bad-vibe,178,4183374,4167963,99.63
fresh-ingredient,176,4183374,4168315,99.64
late-shuttle,176,4183374,4168315,99.64
great-help,175,4183374,4168490,99.64
modern-gym,174,4183374,4168664,99.65
huge-disappointment,172,4183374,4169008,99.66
neglected-courtyard,172,4183374,4169008,99.66
comfortable-lounger,170,4183374,4169348,99.66
serious-concern,170,4183374,4169348,99.66
stale-ingredient,169,4183374,4169517,99.67
play-absent,168,4183374,4169685,99.67
minor-concern,167,4183374,4169852,99.68
friendly-child,165,4183374,4170182,99.68
loud-party,165,4183374,4170182,99.68
convenient-machine,164,4183374,4170346,99.69
long-distance,163,4183374,4170509,99.69
expensive-tour,162,4183374,4170833,99.70
uncomfortable-lounger,162,4183374,4170833,99.70
cloudy-sunset,159,4183374,4170992,99.70
small-club,157,4183374,4171149,99.71
low-standard,154,4183374,4171303,99.71
beautiful-bar,153,4183374,4171456,99.72
friendly-check,151,4183374,4171758,99.72
natural-spring,151,4183374,4171758,99.72
clean-air,150,4183374,4171908,99.73
charger-available,148,4183374,4172352,99.74
friendly-group,148,4183374,4172352,99.74
old-property,148,4183374,4172352,99.74
great-shop,147,4183374,4172499,99.74
shuttle-unreliable,146,4183374,4172645,99.74
lost-key,143,4183374,4172788,99.75
low-cost,141,4183374,4173070,99.75
warm-bottle,141,4183374,4173070,99.75
fresh-smell,139,4183374,4173348,99.76
short-tour,139,4183374,4173348,99.76
narrow-entrance,137,4183374,4173485,99.76
cold-lunch,136,4183374,4173757,99.77
high-class,136,4183374,4173757,99.77
perfect-shape,131,4183374,4174019,99.78
small-patio,131,4183374,4174019,99.78
noisy-group,130,4183374,4174149,99.78
broken-game,128,4183374,4174277,99.78
great-store,127,4183374,4174404,99.79
great-sunset,126,4183374,4174782,99.79
helpful-tip,126,4183374,4174782,99.79
small-shop,126,4183374,4174782,99.79
expensive-transfer,124,4183374,4175030,99.80
great-building,124,4183374,4175030,99.80
disruptive-family,121,4183374,4175272,99.81
full-refund,121,4183374,4175272,99.81
uncooperative-team,119,4183374,4175391,99.81
great-group,117,4183374,4175625,99.81
large-window,117,4183374,4175625,99.81
poor-board,116,4183374,4175741,99.82
comfortable-chair,114,4183374,4175855,99.82
culture-rich,113,4183374,4175968,99.82
noisy-kid,112,4183374,4176192,99.83
shuttle-reliable,112,4183374,4176192,99.83
expensive-store,110,4183374,4176412,99.83
unavailable-butler,110,4183374,4176412,99.83
free-transfer,109,4183374,4176521,99.84
convenient-bag,108,4183374,4176629,99.84
noisy-couple,107,4183374,4176843,99.84
small-courtyard,107,4183374,4176843,99.84
expensive-shop,106,4183374,4176949,99.85
clean-floor,105,4183374,4177159,99.85
poor-class,105,4183374,4177159,99.85
multiple-request,104,4183374,4177263,99.85
decor-dull,103,4183374,4177366,99.86
indifferent-care,102,4183374,4177468,99.86
hot-egg,101,4183374,4177569,99.86
free-tour,100,4183374,4177869,99.87
functional-machine,100,4183374,4177869,99.87
useless-recommendation,100,4183374,4177869,99.87
expensive-package,97,4183374,4177966,99.87
rocky-beach,96,4183374,4178062,99.87
clean-table,94,4183374,4178156,99.88
exclusive-club,93,4183374,4178342,99.88
old-style,93,4183374,4178342,99.88
clear-water,92,4183374,4178526,99.88
thin-sheet,92,4183374,4178526,99.88
tense-atmosphere,90,4183374,4178616,99.89
cold-spring,89,4183374,4178794,99.89
expensive-vendor,89,4183374,4178794,99.89
free-wine,88,4183374,4178882,99.89
dinner-flavorful,86,4183374,4179140,99.90
quick-request,86,4183374,4179140,99.90
short-notice,86,4183374,4179140,99.90
small-perk,85,4183374,4179225,99.90
hard-chair,84,4183374,4179561,99.91
low-class,84,4183374,4179561,99.91
rotten-fruit,84,4183374,4179561,99.91
small-store,84,4183374,4179561,99.91
small-garden,83,4183374,4179644,99.91
small-tub,82,4183374,4179726,99.91
local-market,81,4183374,4179888,99.92
worn-shape,81,4183374,4179888,99.92
great-bonus,80,4183374,4180128,99.92
small-group,80,4183374,4180128,99.92
vague-notice,80,4183374,4180128,99.92
forgotten-birthday,79,4183374,4180365,99.93
hot-plate,79,4183374,4180365,99.93
short-massage,79,4183374,4180365,99.93
decor-vibrant,76,4183374,4180517,99.93
high-fee,76,4183374,4180517,99.93
rude-desk,69,4183374,4180586,99.93
boring-event,64,4183374,4180650,99.93
disruptive-traveller,63,4183374,4180713,99.94
expensive-market,62,4183374,4180899,99.94
modern-unit,62,4183374,4180899,99.94
short-show,62,4183374,4180899,99.94
expensive-club,61,4183374,4180960,99.94
beautiful-glass,59,4183374,4181019,99.94
fresh-egg,58,4183374,4181077,99.95
beautiful-sand,57,4183374,4181134,99.95
clean-cup,56,4183374,4181190,99.95
great-window,55,4183374,4181355,99.95
small-view,55,4183374,4181355,99.95
yoga-absent,55,4183374,4181355,99.95
clean-carpet,54,4183374,4181463,99.95
small-rooftop,54,4183374,4181463,99.95
local-vendor,52,4183374,4181515,99.96
grand-entrance,51,4183374,4181668,99.96
poor-treat,51,4183374,4181668,99.96
warm-wine,51,4183374,4181668,99.96
private-party,50,4183374,4181768,99.96
small-bag,50,4183374,4181768,99.96
fresh-water,49,4183374,4181866,99.96
ordinary-birthday,49,4183374,4181866,99.96
friendly-vendor,48,4183374,4181914,99.97
great-market,47,4183374,4181961,99.97
quick-help,46,4183374,4182007,99.97
clean-glass,45,4183374,4182097,99.97
clean-window,45,4183374,4182097,99.97
useless-feature,44,4183374,4182141,99.97
harmless-bug,43,4183374,4182227,99.97
low-expectation,43,4183374,4182227,99.97
decorative-wall,42,4183374,4182269,99.97
late-transfer,41,4183374,4182351,99.98
rough-ocean,41,4183374,4182351,99.98
ordinary-treat,40,4183374,4182391,99.98
clean-wall,39,4183374,4182469,99.98
dated-suite,39,4183374,4182469,99.98
great-tip,37,4183374,4182506,99.98
bad-shape,36,4183374,4182542,99.98
boring-game,35,4183374,4182612,99.98
new-key,35,4183374,4182612,99.98
hot-dish,34,4183374,4182748,99.99
loud-bar,34,4183374,4182748,99.99
rude-butler,34,4183374,4182748,99.99
torn-bag,34,4183374,4182748,99.99
great-treat,33,4183374,4182781,99.99
delicious-board,31,4183374,4182874,99.99
lazy-employee,31,4183374,4182874,99.99
meaningless-gesture,31,4183374,4182874,99.99
beautiful-floor,30,4183374,4182904,99.99
tense-vibe,27,4183374,4182931,99.99
small-market,26,4183374,4182957,99.99
rare-cleaning,23,4183374,4182980,99.99
cold-ocean,22,4183374,4183068,99.99
great-shape,22,4183374,4183068,99.99
small-bonus,22,4183374,4183068,99.99
warm-juice,22,4183374,4183068,99.99
beautiful-wave,21,4183374,4183089,99.99
disruptive-couple,19,4183374,4183108,99.99
beautiful-tile,18,4183374,4183162,99.99
lush-grounds,18,4183374,4183162,99.99
murky-spring,18,4183374,4183162,99.99
culture-poor,17,4183374,4183213,100.00
disruptive-kid,17,4183374,4183213,100.00
useless-bonus,17,4183374,4183213,100.00
strong-wave,16,4183374,4183229,100.00
lazy-worker,15,4183374,4183244,100.00
clean-tile,14,4183374,4183272,100.00
large-cup,14,4183374,4183272,100.00
clean-plate,13,4183374,4183285,100.00
thin-door,12,4183374,4183297,100.00
fake-smile,11,4183374,4183341,100.00
low-fee,11,4183374,4183341,100.00
rare-smile,11,4183374,4183341,100.00
rocky-sand,11,4183374,4183341,100.00
ordinary-sunset,9,4183374,4183350,100.00
low-charge,8,4183374,4183358,100.00
gentle-wave,5,4183374,4183368,100.00
useless-tip,5,4183374,4183368,100.00
rough-wave,4,4183374,4183372,100.00
vague-tip,2,4183374,4183374,100.00